<?xml version="1.0"?>
<!DOCTYPE service-builder PUBLIC "-//Liferay//DTD Service Builder 7.0.0//EN" "http://www.liferay.com/dtd/liferay-service-builder_7_0_0.dtd">

<service-builder package-path="JobApplicationRecordService">
	<namespace>KMB</namespace>
    <entity name="Job_Application_Records" local-service="true">
        <column name="SapId" type="long" primary="true"></column>
        <column name="JobId" type="long" primary="true"></column>
        <column name="ApplicationDate" type="Date"></column>
        <finder name="fetchByJobId" return-type="Collection">
        <finder-column name="SapId"/>
        </finder>
    </entity>
    <entity name="fetchLatest" local-service="true">
        <column name="isLatest" type="boolean" primary="true"></column>
        <column name="recordNumber" type="long"></column>
    </entity>
</service-builder>
