<?xml version="1.0"?>
<!DOCTYPE hibernate-mapping PUBLIC "-//Hibernate/Hibernate Mapping DTD 3.0//EN" "http://hibernate.sourceforge.net/hibernate-mapping-3.0.dtd">

<hibernate-mapping auto-import="false" default-lazy="false">
	<import class="Aggregation.model.customFieldAggregationTable" />
	<class name="Aggregation.model.impl.customFieldAggregationTableImpl" table="kmb_customFieldAggregationTable">
		<id name="SapId" type="int">
			<generator class="assigned" />
		</id>
		<property name="UserId" type="com.liferay.portal.dao.orm.hibernate.IntegerType" />
		<property name="Cgpa" type="com.liferay.portal.dao.orm.hibernate.DoubleType" />
	</class>
</hibernate-mapping>